"key","type","severity","rule","component","message"
"691fa8ea-405a-4068-81b9-d1ba89dbcb73","CODE_SMELL","MINOR","php:S113","raabshoes:app/Controllers/AuthController.php","Add a new line at the end of this file."
"3fbc4010-9140-4565-b567-677cd10d6089","CODE_SMELL","MINOR","php:S113","raabshoes:app/Controllers/CustomerController.php","Add a new line at the end of this file."
"e369ddee-0ced-45fb-86bf-b7d25faa0570","CODE_SMELL","MINOR","php:S113","raabshoes:app/Controllers/DashboardController.php","Add a new line at the end of this file."
"5611c69b-7198-4cb5-9798-9c68bce6061a","CODE_SMELL","MINOR","php:S113","raabshoes:app/Controllers/OrderController.php","Add a new line at the end of this file."
"6eda963a-0356-4862-8779-a0a9fbe81660","CODE_SMELL","MINOR","php:S113","raabshoes:app/Controllers/ReportController.php","Add a new line at the end of this file."
"b8c3c487-751b-4378-ae6f-cd1d13cec4c5","CODE_SMELL","MINOR","php:S113","raabshoes:app/Controllers/ServiceController.php","Add a new line at the end of this file."
"6ee5e52f-d206-45ed-b689-a4dbda637985","CODE_SMELL","MINOR","php:S113","raabshoes:app/Core/Controller.php","Add a new line at the end of this file."
"064de091-0fc7-46d2-b07a-c579b877313b","CODE_SMELL","MINOR","php:S113","raabshoes:app/Core/Database.php","Add a new line at the end of this file."
"5a7c323a-1ec1-479b-9e30-3d5b9c4002bc","CODE_SMELL","MINOR","php:S113","raabshoes:app/Core/Model.php","Add a new line at the end of this file."
"09a3085f-eac0-4ac4-83ea-46731d6576a0","CODE_SMELL","MINOR","php:S113","raabshoes:app/Core/Router.php","Add a new line at the end of this file."
"b448a8c0-b563-41bc-b1ae-e54d62e68d3f","CODE_SMELL","MINOR","php:S113","raabshoes:app/Models/OrderPhoto.php","Add a new line at the end of this file."
"2d798358-eb4a-44fe-a664-bd22b24e3779","CODE_SMELL","MINOR","php:S113","raabshoes:app/Models/Service.php","Add a new line at the end of this file."
"ed91c3b7-e70c-4d37-9169-ca3344be3add","CODE_SMELL","MAJOR","php:S112","raabshoes:app/Console/Commands/ResetPraktikumRegistration.php","Define and throw a dedicated exception instead of using a generic one."
"c28c4544-1b54-445a-a65e-65868f3a78fd","CODE_SMELL","MAJOR","php:S112","raabshoes:app/Console/Commands/ResetPraktikumRegistration.php","Define and throw a dedicated exception instead of using a generic one."
"2db9b883-96aa-4033-8153-6bfc255e39ba","CODE_SMELL","MAJOR","php:S112","raabshoes:app/Console/Commands/ResetPraktikumRegistration.php","Define and throw a dedicated exception instead of using a generic one."
"1a08894f-3ae1-4620-b02a-0902f29c505a","CODE_SMELL","MAJOR","php:S125","raabshoes:app/Models/User.php","Remove this commented out code."
"19a976f7-695d-41e8-b3fc-39aaf206580b","CODE_SMELL","MINOR","php:S1488","raabshoes:app/Models/User.php","Immediately return this expression instead of assigning it to the temporary variable ""$user""."
"ddd0552d-ea1c-43ad-8870-ad1c1ebb2712","CODE_SMELL","CRITICAL","php:S1192","raabshoes:config/database.php","Define a constant instead of duplicating this literal ""127.0.0.1"" 5 times."
"294f87bd-96a9-4a38-8bb8-8b28c0f53667","CODE_SMELL","MAJOR","php:S3358","raabshoes:config/database.php","Extract this nested ternary operation into an independent statement."
"bcec4408-bb81-4194-96d0-92ab79ba2fae","CODE_SMELL","MAJOR","php:S3358","raabshoes:config/database.php","Extract this nested ternary operation into an independent statement."
"6554d538-5b00-4627-9ff2-0d757ad72b53","CODE_SMELL","CRITICAL","php:S1192","raabshoes:config/logging.php","Define a constant instead of duplicating this literal ""logs/laravel.log"" 3 times."
"5aa5ff29-b087-474d-9973-9a3998490707","CODE_SMELL","MAJOR","php:S125","raabshoes:database/seeders/DatabaseSeeder.php","Remove this commented out code."
"3821c8ed-3c7a-4b4c-b8ce-c8307f9d8cda","CODE_SMELL","CRITICAL","php:S1192","raabshoes:routes/web.php","Define a constant instead of duplicating this literal ""1-3 hari"" 3 times."
"178aedaf-8c91-44e8-9665-2ed492182e82","CODE_SMELL","CRITICAL","php:S1192","raabshoes:routes/web.php","Define a constant instead of duplicating this literal ""d/m/Y H:i"" 3 times."
"65fac4d6-379f-48b5-8470-a4e5eddfe69b","CODE_SMELL","CRITICAL","php:S1192","raabshoes:routes/web.php","Define a constant instead of duplicating this literal ""d/m/Y"" 3 times."
"1fccdf74-6f0d-48df-a838-5d959a2b8059","CODE_SMELL","MAJOR","php:S108","raabshoes:routes/web.php","Either remove or fill this block of code."
"93a1cd56-0eb9-49d6-af6b-ea3e447093f1","CODE_SMELL","MAJOR","php:S108","raabshoes:routes/web.php","Either remove or fill this block of code."
"39a91d58-b198-4723-9825-7bddb4c4c6e3","CODE_SMELL","CRITICAL","php:S3776","raabshoes:routes/web.php","Refactor this function to reduce its Cognitive Complexity from 25 to the 15 allowed."
"4edad8e2-eb2f-40e8-975b-1cfe121028a6","CODE_SMELL","CRITICAL","php:S1192","raabshoes:routes/web.php","Define a constant instead of duplicating this literal ""Siap Diambil"" 4 times."
"f3a0ab7a-f482-4e46-8a7a-9a39fe121524","CODE_SMELL","CRITICAL","php:S1192","raabshoes:routes/web.php","Define a constant instead of duplicating this literal ""Semua Status"" 8 times."
"08f9862e-284a-4877-b773-ca408977de1a","CODE_SMELL","CRITICAL","php:S1192","raabshoes:routes/web.php","Define a constant instead of duplicating this literal ""in:Belum Lunas,Lunas"" 3 times."
"ab79b0ad-345c-4fa8-b456-e0e74bf60b9d","CODE_SMELL","MAJOR","php:S3358","raabshoes:routes/web.php","Extract this nested ternary operation into an independent statement."
"ae47acde-016d-48f0-8fa2-5c4b750fdece","BUG","MAJOR","php:S3923","raabshoes:routes/web.php","Remove this conditional structure or edit its code blocks so that they're not all the same."
"d3f5f0c4-f5c1-4466-99c1-f05b847fc95b","CODE_SMELL","MAJOR","php:S1172","raabshoes:routes/web.php","Remove the unused function parameter ""$request""."
